[
  {
    "date": "03/01/2026",
    "day": "Sábado",
    "shift": "Tarde",
    "people": [
      "Williams",
      "Marcos",
      "Elson"
    ]
  },
  {
    "date": "03/01/2026",
    "day": "Sábado",
    "shift": "Noite",
    "people": [
      "Williams",
      "Elson",
      "Felipe"
    ]
  },
  {
    "date": "04/01/2026",
    "day": "Domingo",
    "shift": "Manhã",
    "people": [
      "Williams",
      "Flavio",
      "Henrique"
    ]
  },
  {
    "date": "04/01/2026",
    "day": "Domingo",
    "shift": "Noite",
    "people": [
      "Mazino",
      "Isac",
      "Leandro"
    ]
  },
  {
    "date": "07/01/2026",
    "day": "Quarta-feira",
    "shift": "Noite",
    "people": [
      "Luiz",
      "Thiago",
      "Donizete"
    ]
  },
  {
    "date": "10/01/2026",
    "day": "Sábado",
    "shift": "Noite",
    "people": [
      "Luís H",
      "Marcos",
      "Vicente"
    ]
  },
  {
    "date": "11/01/2026",
    "day": "Domingo",
    "shift": "Manhã",
    "people": [
      "Donizete",
      "Eduardo",
      "Elson"
    ]
  },
  {
    "date": "11/01/2026",
    "day": "Domingo",
    "shift": "Noite",
    "people": [
      "Adilson",
      "Felipe",
      "Flavio"
    ]
  },
  {
    "date": "14/01/2026",
    "day": "Quarta-feira",
    "shift": "Noite",
    "people": [
      "Isac",
      "Leandro",
      "Lucas"
    ]
  },
  {
    "date": "17/01/2026",
    "day": "Sábado",
    "shift": "Noite",
    "people": [
      "Henrique",
      "Lucas",
      "Luiz"
    ]
  },
  {
    "date": "18/01/2026",
    "day": "Domingo",
    "shift": "Manhã",
    "people": [
      "Luís H",
      "Marcos",
      "Vicente"
    ]
  },
  {
    "date": "18/01/2026",
    "day": "Domingo",
    "shift": "Noite",
    "people": [
      "Adilson",
      "Donizete",
      "Eduardo"
    ]
  },
  {
    "date": "21/01/2026",
    "day": "Quarta-feira",
    "shift": "Noite",
    "people": [
      "Felipe",
      "Flavio",
      "Isac"
    ]
  },
  {
    "date": "24/01/2026",
    "day": "Sábado",
    "shift": "Noite",
    "people": [
      "Elson",
      "Henrique",
      "Leandro"
    ]
  },
  {
    "date": "25/01/2026",
    "day": "Domingo",
    "shift": "Manhã",
    "people": [
      "Lucas",
      "Luiz",
      "Luís H"
    ]
  },
  {
    "date": "25/01/2026",
    "day": "Domingo",
    "shift": "Noite",
    "people": [
      "Adilson",
      "Marcos",
      "Vicente"
    ]
  },
  {
    "date": "28/01/2026",
    "day": "Quarta-feira",
    "shift": "Noite",
    "people": [
      "Donizete",
      "Felipe",
      "Flavio"
    ]
  },
  {
    "date": "31/01/2026",
    "day": "Sábado",
    "shift": "Noite",
    "people": [
      "Eduardo",
      "Elson",
      "Henrique"
    ]
  },
  {
    "date": "01/02/2026",
    "day": "Domingo",
    "shift": "Manhã",
    "people": [
      "Williams",
      "Isac",
      "Leandro"
    ]
  },
  {
    "date": "01/02/2026",
    "day": "Domingo",
    "shift": "Noite",
    "people": [
      "Mazino",
      "Williams",
      "Lucas"
    ]
  },
  {
    "date": "04/02/2026",
    "day": "Quarta-feira",
    "shift": "Noite",
    "people": [
      "Thiago",
      "Luiz",
      "Luís H"
    ]
  },
  {
    "date": "07/02/2026",
    "day": "Sábado",
    "shift": "Tarde",
    "people": [
      "Williams",
      "Marcos",
      "Vicente"
    ]
  },
  {
    "date": "07/02/2026",
    "day": "Sábado",
    "shift": "Noite",
    "people": [
      "Donizete",
      "Eduardo",
      "Elson"
    ]
  },
  {
    "date": "08/02/2026",
    "day": "Domingo",
    "shift": "Manhã",
    "people": [
      "Felipe",
      "Flavio",
      "Henrique"
    ]
  },
  {
    "date": "08/02/2026",
    "day": "Domingo",
    "shift": "Noite",
    "people": [
      "Adilson",
      "Isac",
      "Leandro"
    ]
  },
  {
    "date": "11/02/2026",
    "day": "Quarta-feira",
    "shift": "Noite",
    "people": [
      "Thiago",
      "Lucas",
      "Luiz"
    ]
  },
  {
    "date": "14/02/2026",
    "day": "Sábado",
    "shift": "Noite",
    "people": [
      "Luís H",
      "Marcos",
      "Vicente"
    ]
  },
  {
    "date": "15/02/2026",
    "day": "Domingo",
    "shift": "Manhã",
    "people": [
      "Donizete",
      "Eduardo",
      "Elson"
    ]
  },
  {
    "date": "15/02/2026",
    "day": "Domingo",
    "shift": "Noite",
    "people": [
      "Adilson",
      "Felipe",
      "Flavio"
    ]
  },
  {
    "date": "18/02/2026",
    "day": "Quarta-feira",
    "shift": "Noite",
    "people": [
      "Isac",
      "Leandro",
      "Lucas"
    ]
  },
  {
    "date": "21/02/2026",
    "day": "Sábado",
    "shift": "Noite",
    "people": [
      "Henrique",
      "Luiz",
      "Luís H"
    ]
  },
  {
    "date": "22/02/2026",
    "day": "Domingo",
    "shift": "Manhã",
    "people": [
      "Marcos",
      "Vicente",
      "Donizete"
    ]
  },
  {
    "date": "22/02/2026",
    "day": "Domingo",
    "shift": "Noite",
    "people": [
      "Adilson",
      "Eduardo",
      "Elson"
    ]
  },
  {
    "date": "25/02/2026",
    "day": "Quarta-feira",
    "shift": "Noite",
    "people": [
      "Felipe",
      "Flavio",
      "Isac"
    ]
  },
  {
    "date": "28/02/2026",
    "day": "Sábado",
    "shift": "Noite",
    "people": [
      "Henrique",
      "Leandro",
      "Lucas"
    ]
  },
  {
    "date": "01/03/2026",
    "day": "Domingo",
    "shift": "Manhã",
    "people": [
      "Williams",
      "Luiz",
      "Luís H"
    ]
  },
  {
    "date": "01/03/2026",
    "day": "Domingo",
    "shift": "Noite",
    "people": [
      "Mazino",
      "Williams",
      "Marcos"
    ]
  },
  {
    "date": "04/03/2026",
    "day": "Quarta-feira",
    "shift": "Noite",
    "people": [
      "Thiago",
      "Vicente",
      "Donizete"
    ]
  },
  {
    "date": "07/03/2026",
    "day": "Sábado",
    "shift": "Tarde",
    "people": [
      "Williams",
      "Eduardo",
      "Elson"
    ]
  },
  {
    "date": "07/03/2026",
    "day": "Sábado",
    "shift": "Noite",
    "people": [
      "Felipe",
      "Flavio",
      "Henrique"
    ]
  },
  {
    "date": "08/03/2026",
    "day": "Domingo",
    "shift": "Manhã",
    "people": [
      "Isac",
      "Leandro",
      "Lucas"
    ]
  },
  {
    "date": "08/03/2026",
    "day": "Domingo",
    "shift": "Noite",
    "people": [
      "Adilson",
      "Luiz",
      "Luís H"
    ]
  },
  {
    "date": "11/03/2026",
    "day": "Quarta-feira",
    "shift": "Noite",
    "people": [
      "Thiago",
      "Marcos",
      "Vicente"
    ]
  },
  {
    "date": "14/03/2026",
    "day": "Sábado",
    "shift": "Noite",
    "people": [
      "Donizete",
      "Eduardo",
      "Elson"
    ]
  },
  {
    "date": "15/03/2026",
    "day": "Domingo",
    "shift": "Manhã",
    "people": [
      "Felipe",
      "Flavio",
      "Henrique"
    ]
  },
  {
    "date": "15/03/2026",
    "day": "Domingo",
    "shift": "Noite",
    "people": [
      "Adilson",
      "Isac",
      "Leandro"
    ]
  },
  {
    "date": "18/03/2026",
    "day": "Quarta-feira",
    "shift": "Noite",
    "people": [
      "Lucas",
      "Luiz",
      "Luís H"
    ]
  },
  {
    "date": "21/03/2026",
    "day": "Sábado",
    "shift": "Noite",
    "people": [
      "Marcos",
      "Vicente",
      "Donizete"
    ]
  },
  {
    "date": "22/03/2026",
    "day": "Domingo",
    "shift": "Manhã",
    "people": [
      "Eduardo",
      "Elson",
      "Felipe"
    ]
  },
  {
    "date": "22/03/2026",
    "day": "Domingo",
    "shift": "Noite",
    "people": [
      "Adilson",
      "Flavio",
      "Henrique"
    ]
  },
  {
    "date": "25/03/2026",
    "day": "Quarta-feira",
    "shift": "Noite",
    "people": [
      "Isac",
      "Leandro",
      "Lucas"
    ]
  },
  {
    "date": "28/03/2026",
    "day": "Sábado",
    "shift": "Noite",
    "people": [
      "Luiz",
      "Luís H",
      "Marcos"
    ]
  },
  {
    "date": "29/03/2026",
    "day": "Domingo",
    "shift": "Manhã",
    "people": [
      "Vicente",
      "Donizete",
      "Eduardo"
    ]
  },
  {
    "date": "29/03/2026",
    "day": "Domingo",
    "shift": "Noite",
    "people": [
      "Felipe",
      "Flavio",
      "Adilson"
    ]
  },
  {
    "date": "01/04/2026",
    "day": "Quarta-feira",
    "shift": "Noite",
    "people": [
      "Thiago",
      "Isac",
      "Leandro"
    ]
  },
  {
    "date": "04/04/2026",
    "day": "Sábado",
    "shift": "Tarde",
    "people": [
      "Williams",
      "Henrique",
      "Lucas"
    ]
  },
  {
    "date": "04/04/2026",
    "day": "Sábado",
    "shift": "Noite",
    "people": [
      "Williams",
      "Luiz",
      "Luís H"
    ]
  },
  {
    "date": "05/04/2026",
    "day": "Domingo",
    "shift": "Manhã",
    "people": [
      "Williams",
      "Marcos",
      "Vicente"
    ]
  },
  {
    "date": "05/04/2026",
    "day": "Domingo",
    "shift": "Noite",
    "people": [
      "Mazino",
      "Eduardo",
      "Adilson"
    ]
  },
  {
    "date": "08/04/2026",
    "day": "Quarta-feira",
    "shift": "Noite",
    "people": [
      "Thiago",
      "Felipe",
      "Flavio"
    ]
  },
  {
    "date": "11/04/2026",
    "day": "Sábado",
    "shift": "Noite",
    "people": [
      "Elson",
      "Henrique",
      "Isac"
    ]
  },
  {
    "date": "12/04/2026",
    "day": "Domingo",
    "shift": "Manhã",
    "people": [
      "Leandro",
      "Lucas",
      "Luiz"
    ]
  },
  {
    "date": "12/04/2026",
    "day": "Domingo",
    "shift": "Noite",
    "people": [
      "Adilson",
      "Luís H",
      "Marcos"
    ]
  },
  {
    "date": "15/04/2026",
    "day": "Quarta-feira",
    "shift": "Noite",
    "people": [
      "Vicente",
      "Donizete",
      "Felipe"
    ]
  },
  {
    "date": "18/04/2026",
    "day": "Sábado",
    "shift": "Noite",
    "people": [
      "Eduardo",
      "Elson",
      "Flavio"
    ]
  },
  {
    "date": "19/04/2026",
    "day": "Domingo",
    "shift": "Manhã",
    "people": [
      "Henrique",
      "Isac",
      "Leandro"
    ]
  },
  {
    "date": "19/04/2026",
    "day": "Domingo",
    "shift": "Noite",
    "people": [
      "Adilson",
      "Lucas",
      "Luiz"
    ]
  },
  {
    "date": "22/04/2026",
    "day": "Quarta-feira",
    "shift": "Noite",
    "people": [
      "Luís H",
      "Marcos",
      "Vicente"
    ]
  },
  {
    "date": "25/04/2026",
    "day": "Sábado",
    "shift": "Noite",
    "people": [
      "Donizete",
      "Eduardo",
      "Elson"
    ]
  },
  {
    "date": "26/04/2026",
    "day": "Domingo",
    "shift": "Manhã",
    "people": [
      "Felipe",
      "Flavio",
      "Henrique"
    ]
  },
  {
    "date": "26/04/2026",
    "day": "Domingo",
    "shift": "Noite",
    "people": [
      "Adilson",
      "Isac",
      "Leandro"
    ]
  },
  {
    "date": "29/04/2026",
    "day": "Quarta-feira",
    "shift": "Noite",
    "people": [
      "Lucas",
      "Luiz",
      "Luís H"
    ]
  },
  {
    "date": "02/05/2026",
    "day": "Sábado",
    "shift": "Tarde",
    "people": [
      "Williams",
      "Marcos",
      "Vicente"
    ]
  },
  {
    "date": "02/05/2026",
    "day": "Sábado",
    "shift": "Noite",
    "people": [
      "Williams",
      "Donizete",
      "Eduardo"
    ]
  },
  {
    "date": "03/05/2026",
    "day": "Domingo",
    "shift": "Manhã",
    "people": [
      "Williams",
      "Elson",
      "Felipe"
    ]
  },
  {
    "date": "03/05/2026",
    "day": "Domingo",
    "shift": "Noite",
    "people": [
      "Mazino",
      "Flavio",
      "Henrique"
    ]
  },
  {
    "date": "06/05/2026",
    "day": "Quarta-feira",
    "shift": "Noite",
    "people": [
      "Thiago",
      "Isac",
      "Leandro"
    ]
  },
  {
    "date": "09/05/2026",
    "day": "Sábado",
    "shift": "Noite",
    "people": [
      "Lucas",
      "Luiz",
      "Luís H"
    ]
  },
  {
    "date": "10/05/2026",
    "day": "Domingo",
    "shift": "Manhã",
    "people": [
      "Marcos",
      "Vicente",
      "Donizete"
    ]
  },
  {
    "date": "10/05/2026",
    "day": "Domingo",
    "shift": "Noite",
    "people": [
      "Adilson",
      "Eduardo",
      "Elson"
    ]
  },
  {
    "date": "13/05/2026",
    "day": "Quarta-feira",
    "shift": "Noite",
    "people": [
      "Thiago",
      "Felipe",
      "Flavio"
    ]
  },
  {
    "date": "16/05/2026",
    "day": "Sábado",
    "shift": "Noite",
    "people": [
      "Henrique",
      "Isac",
      "Leandro"
    ]
  },
  {
    "date": "17/05/2026",
    "day": "Domingo",
    "shift": "Manhã",
    "people": [
      "Lucas",
      "Luiz",
      "Luís H"
    ]
  },
  {
    "date": "17/05/2026",
    "day": "Domingo",
    "shift": "Noite",
    "people": [
      "Adilson",
      "Marcos",
      "Vicente"
    ]
  },
  {
    "date": "20/05/2026",
    "day": "Quarta-feira",
    "shift": "Noite",
    "people": [
      "Donizete",
      "Felipe",
      "Flavio"
    ]
  },
  {
    "date": "23/05/2026",
    "day": "Sábado",
    "shift": "Noite",
    "people": [
      "Eduardo",
      "Elson",
      "Henrique"
    ]
  },
  {
    "date": "24/05/2026",
    "day": "Domingo",
    "shift": "Manhã",
    "people": [
      "Isac",
      "Leandro",
      "Lucas"
    ]
  },
  {
    "date": "24/05/2026",
    "day": "Domingo",
    "shift": "Noite",
    "people": [
      "Adilson",
      "Luiz",
      "Luís H"
    ]
  },
  {
    "date": "27/05/2026",
    "day": "Quarta-feira",
    "shift": "Noite",
    "people": [
      "Marcos",
      "Vicente",
      "Donizete"
    ]
  },
  {
    "date": "30/05/2026",
    "day": "Sábado",
    "shift": "Noite",
    "people": [
      "Eduardo",
      "Elson",
      "Felipe"
    ]
  },
  {
    "date": "31/05/2026",
    "day": "Domingo",
    "shift": "Manhã",
    "people": [
      "Flavio",
      "Henrique",
      "Isac"
    ]
  },
  {
    "date": "31/05/2026",
    "day": "Domingo",
    "shift": "Noite",
    "people": [
      "Adilson",
      "Leandro",
      "Lucas"
    ]
  },
  {
    "date": "03/06/2026",
    "day": "Quarta-feira",
    "shift": "Noite",
    "people": [
      "Thiago",
      "Luiz",
      "Luís H"
    ]
  },
  {
    "date": "06/06/2026",
    "day": "Sábado",
    "shift": "Tarde",
    "people": [
      "Williams",
      "Marcos",
      "Vicente"
    ]
  },
  {
    "date": "06/06/2026",
    "day": "Sábado",
    "shift": "Noite",
    "people": [
      "Williams",
      "Donizete",
      "Eduardo"
    ]
  },
  {
    "date": "07/06/2026",
    "day": "Domingo",
    "shift": "Manhã",
    "people": [
      "Williams",
      "Elson",
      "Felipe"
    ]
  },
  {
    "date": "07/06/2026",
    "day": "Domingo",
    "shift": "Noite",
    "people": [
      "Mazino",
      "Flavio",
      "Henrique"
    ]
  },
  {
    "date": "10/06/2026",
    "day": "Quarta-feira",
    "shift": "Noite",
    "people": [
      "Thiago",
      "Isac",
      "Leandro"
    ]
  },
  {
    "date": "13/06/2026",
    "day": "Sábado",
    "shift": "Noite",
    "people": [
      "Lucas",
      "Luiz",
      "Luís H"
    ]
  },
  {
    "date": "14/06/2026",
    "day": "Domingo",
    "shift": "Manhã",
    "people": [
      "Marcos",
      "Vicente",
      "Donizete"
    ]
  },
  {
    "date": "14/06/2026",
    "day": "Domingo",
    "shift": "Noite",
    "people": [
      "Adilson",
      "Eduardo",
      "Elson"
    ]
  },
  {
    "date": "17/06/2026",
    "day": "Quarta-feira",
    "shift": "Noite",
    "people": [
      "Felipe",
      "Flavio",
      "Isac"
    ]
  },
  {
    "date": "20/06/2026",
    "day": "Sábado",
    "shift": "Noite",
    "people": [
      "Henrique",
      "Leandro",
      "Lucas"
    ]
  },
  {
    "date": "21/06/2026",
    "day": "Domingo",
    "shift": "Manhã",
    "people": [
      "Luiz",
      "Luís H",
      "Marcos"
    ]
  },
  {
    "date": "21/06/2026",
    "day": "Domingo",
    "shift": "Noite",
    "people": [
      "Adilson",
      "Vicente",
      "Donizete"
    ]
  },
  {
    "date": "24/06/2026",
    "day": "Quarta-feira",
    "shift": "Noite",
    "people": [
      "Felipe",
      "Flavio",
      "Isac"
    ]
  },
  {
    "date": "27/06/2026",
    "day": "Sábado",
    "shift": "Noite",
    "people": [
      "Eduardo",
      "Elson",
      "Henrique"
    ]
  },
  {
    "date": "28/06/2026",
    "day": "Domingo",
    "shift": "Manhã",
    "people": [
      "Leandro",
      "Lucas",
      "Luiz"
    ]
  },
  {
    "date": "28/06/2026",
    "day": "Domingo",
    "shift": "Noite",
    "people": [
      "Adilson",
      "Luís H",
      "Marcos"
    ]
  },
  {
    "date": "01/07/2026",
    "day": "Quarta-feira",
    "shift": "Noite",
    "people": [
      "Thiago",
      "Vicente",
      "Donizete"
    ]
  },
  {
    "date": "04/07/2026",
    "day": "Sábado",
    "shift": "Tarde",
    "people": [
      "Williams",
      "Eduardo",
      "Elson"
    ]
  },
  {
    "date": "04/07/2026",
    "day": "Sábado",
    "shift": "Noite",
    "people": [
      "Williams",
      "Felipe",
      "Flavio"
    ]
  },
  {
    "date": "05/07/2026",
    "day": "Domingo",
    "shift": "Manhã",
    "people": [
      "Williams",
      "Henrique",
      "Isac"
    ]
  },
  {
    "date": "05/07/2026",
    "day": "Domingo",
    "shift": "Noite",
    "people": [
      "Mazino",
      "Leandro",
      "Lucas"
    ]
  },
  {
    "date": "08/07/2026",
    "day": "Quarta-feira",
    "shift": "Noite",
    "people": [
      "Thiago",
      "Luiz",
      "Luís H"
    ]
  },
  {
    "date": "11/07/2026",
    "day": "Sábado",
    "shift": "Noite",
    "people": [
      "Marcos",
      "Vicente",
      "Donizete"
    ]
  },
  {
    "date": "12/07/2026",
    "day": "Domingo",
    "shift": "Manhã",
    "people": [
      "Eduardo",
      "Elson",
      "Felipe"
    ]
  },
  {
    "date": "12/07/2026",
    "day": "Domingo",
    "shift": "Noite",
    "people": [
      "Adilson",
      "Flavio",
      "Henrique"
    ]
  },
  {
    "date": "15/07/2026",
    "day": "Quarta-feira",
    "shift": "Noite",
    "people": [
      "Isac",
      "Leandro",
      "Lucas"
    ]
  },
  {
    "date": "18/07/2026",
    "day": "Sábado",
    "shift": "Noite",
    "people": [
      "Luiz",
      "Luís H",
      "Marcos"
    ]
  },
  {
    "date": "19/07/2026",
    "day": "Domingo",
    "shift": "Manhã",
    "people": [
      "Vicente",
      "Donizete",
      "Eduardo"
    ]
  },
  {
    "date": "19/07/2026",
    "day": "Domingo",
    "shift": "Noite",
    "people": [
      "Adilson",
      "Elson",
      "Felipe"
    ]
  },
  {
    "date": "22/07/2026",
    "day": "Quarta-feira",
    "shift": "Noite",
    "people": [
      "Flavio",
      "Isac",
      "Leandro"
    ]
  },
  {
    "date": "25/07/2026",
    "day": "Sábado",
    "shift": "Noite",
    "people": [
      "Henrique",
      "Lucas",
      "Luiz"
    ]
  },
  {
    "date": "26/07/2026",
    "day": "Domingo",
    "shift": "Manhã",
    "people": [
      "Luís H",
      "Marcos",
      "Vicente"
    ]
  },
  {
    "date": "26/07/2026",
    "day": "Domingo",
    "shift": "Noite",
    "people": [
      "Adilson",
      "Donizete",
      "Eduardo"
    ]
  },
  {
    "date": "29/07/2026",
    "day": "Quarta-feira",
    "shift": "Noite",
    "people": [
      "Felipe",
      "Flavio",
      "Isac"
    ]
  },
  {
    "date": "01/08/2026",
    "day": "Sábado",
    "shift": "Tarde",
    "people": [
      "Williams",
      "Elson",
      "Henrique"
    ]
  },
  {
    "date": "01/08/2026",
    "day": "Sábado",
    "shift": "Noite",
    "people": [
      "Williams",
      "Leandro",
      "Lucas"
    ]
  },
  {
    "date": "02/08/2026",
    "day": "Domingo",
    "shift": "Manhã",
    "people": [
      "Williams",
      "Luiz",
      "Luís H"
    ]
  },
  {
    "date": "02/08/2026",
    "day": "Domingo",
    "shift": "Noite",
    "people": [
      "Mazino",
      "Marcos",
      "Vicente"
    ]
  },
  {
    "date": "05/08/2026",
    "day": "Quarta-feira",
    "shift": "Noite",
    "people": [
      "Thiago",
      "Donizete",
      "Felipe"
    ]
  },
  {
    "date": "08/08/2026",
    "day": "Sábado",
    "shift": "Noite",
    "people": [
      "Eduardo",
      "Flavio",
      "Isac"
    ]
  },
  {
    "date": "09/08/2026",
    "day": "Domingo",
    "shift": "Manhã",
    "people": [
      "Elson",
      "Henrique",
      "Leandro"
    ]
  },
  {
    "date": "09/08/2026",
    "day": "Domingo",
    "shift": "Noite",
    "people": [
      "Adilson",
      "Lucas",
      "Luiz"
    ]
  },
  {
    "date": "12/08/2026",
    "day": "Quarta-feira",
    "shift": "Noite",
    "people": [
      "Thiago",
      "Luís H",
      "Marcos"
    ]
  },
  {
    "date": "15/08/2026",
    "day": "Sábado",
    "shift": "Noite",
    "people": [
      "Vicente",
      "Donizete",
      "Eduardo"
    ]
  },
  {
    "date": "16/08/2026",
    "day": "Domingo",
    "shift": "Manhã",
    "people": [
      "Elson",
      "Felipe",
      "Flavio"
    ]
  },
  {
    "date": "16/08/2026",
    "day": "Domingo",
    "shift": "Noite",
    "people": [
      "Adilson",
      "Henrique",
      "Isac"
    ]
  },
  {
    "date": "19/08/2026",
    "day": "Quarta-feira",
    "shift": "Noite",
    "people": [
      "Leandro",
      "Lucas",
      "Luiz"
    ]
  },
  {
    "date": "22/08/2026",
    "day": "Sábado",
    "shift": "Noite",
    "people": [
      "Luís H",
      "Marcos",
      "Vicente"
    ]
  },
  {
    "date": "23/08/2026",
    "day": "Domingo",
    "shift": "Manhã",
    "people": [
      "Donizete",
      "Eduardo",
      "Elson"
    ]
  },
  {
    "date": "23/08/2026",
    "day": "Domingo",
    "shift": "Noite",
    "people": [
      "Adilson",
      "Felipe",
      "Flavio"
    ]
  },
  {
    "date": "26/08/2026",
    "day": "Quarta-feira",
    "shift": "Noite",
    "people": [
      "Isac",
      "Leandro",
      "Lucas"
    ]
  },
  {
    "date": "29/08/2026",
    "day": "Sábado",
    "shift": "Noite",
    "people": [
      "Henrique",
      "Luiz",
      "Luís H"
    ]
  },
  {
    "date": "30/08/2026",
    "day": "Domingo",
    "shift": "Manhã",
    "people": [
      "Marcos",
      "Vicente",
      "Donizete"
    ]
  },
  {
    "date": "30/08/2026",
    "day": "Domingo",
    "shift": "Noite",
    "people": [
      "Adilson",
      "Eduardo",
      "Elson"
    ]
  },
  {
    "date": "02/09/2026",
    "day": "Quarta-feira",
    "shift": "Noite",
    "people": [
      "Thiago",
      "Felipe",
      "Flavio"
    ]
  },
  {
    "date": "05/09/2026",
    "day": "Sábado",
    "shift": "Tarde",
    "people": [
      "Williams",
      "Henrique",
      "Isac"
    ]
  },
  {
    "date": "05/09/2026",
    "day": "Sábado",
    "shift": "Noite",
    "people": [
      "Williams",
      "Leandro",
      "Lucas"
    ]
  },
  {
    "date": "06/09/2026",
    "day": "Domingo",
    "shift": "Manhã",
    "people": [
      "Williams",
      "Luiz",
      "Luís H"
    ]
  },
  {
    "date": "06/09/2026",
    "day": "Domingo",
    "shift": "Noite",
    "people": [
      "Mazino",
      "Marcos",
      "Vicente"
    ]
  },
  {
    "date": "09/09/2026",
    "day": "Quarta-feira",
    "shift": "Noite",
    "people": [
      "Thiago",
      "Donizete",
      "Felipe"
    ]
  },
  {
    "date": "12/09/2026",
    "day": "Sábado",
    "shift": "Noite",
    "people": [
      "Eduardo",
      "Elson",
      "Flavio"
    ]
  },
  {
    "date": "13/09/2026",
    "day": "Domingo",
    "shift": "Manhã",
    "people": [
      "Henrique",
      "Isac",
      "Leandro"
    ]
  },
  {
    "date": "13/09/2026",
    "day": "Domingo",
    "shift": "Noite",
    "people": [
      "Adilson",
      "Lucas",
      "Luiz"
    ]
  },
  {
    "date": "16/09/2026",
    "day": "Quarta-feira",
    "shift": "Noite",
    "people": [
      "Luís H",
      "Marcos",
      "Vicente"
    ]
  },
  {
    "date": "19/09/2026",
    "day": "Sábado",
    "shift": "Noite",
    "people": [
      "Donizete",
      "Eduardo",
      "Elson"
    ]
  },
  {
    "date": "20/09/2026",
    "day": "Domingo",
    "shift": "Manhã",
    "people": [
      "Felipe",
      "Flavio",
      "Henrique"
    ]
  },
  {
    "date": "20/09/2026",
    "day": "Domingo",
    "shift": "Noite",
    "people": [
      "Adilson",
      "Isac",
      "Leandro"
    ]
  },
  {
    "date": "23/09/2026",
    "day": "Quarta-feira",
    "shift": "Noite",
    "people": [
      "Lucas",
      "Luiz",
      "Luís H"
    ]
  },
  {
    "date": "26/09/2026",
    "day": "Sábado",
    "shift": "Noite",
    "people": [
      "Marcos",
      "Vicente",
      "Donizete"
    ]
  },
  {
    "date": "27/09/2026",
    "day": "Domingo",
    "shift": "Manhã",
    "people": [
      "Eduardo",
      "Elson",
      "Felipe"
    ]
  },
  {
    "date": "27/09/2026",
    "day": "Domingo",
    "shift": "Noite",
    "people": [
      "Adilson",
      "Flavio",
      "Henrique"
    ]
  },
  {
    "date": "30/09/2026",
    "day": "Quarta-feira",
    "shift": "Noite",
    "people": [
      "Isac",
      "Leandro",
      "Lucas"
    ]
  },
  {
    "date": "03/10/2026",
    "day": "Sábado",
    "shift": "Tarde",
    "people": [
      "Williams",
      "Luiz",
      "Luís H"
    ]
  },
  {
    "date": "03/10/2026",
    "day": "Sábado",
    "shift": "Noite",
    "people": [
      "Williams",
      "Marcos",
      "Vicente"
    ]
  },
  {
    "date": "04/10/2026",
    "day": "Domingo",
    "shift": "Manhã",
    "people": [
      "Williams",
      "Donizete",
      "Eduardo"
    ]
  },
  {
    "date": "04/10/2026",
    "day": "Domingo",
    "shift": "Noite",
    "people": [
      "Mazino",
      "Elson",
      "Adilson"
    ]
  },
  {
    "date": "07/10/2026",
    "day": "Quarta-feira",
    "shift": "Noite",
    "people": [
      "Thiago",
      "Flavio",
      "Isac"
    ]
  },
  {
    "date": "10/10/2026",
    "day": "Sábado",
    "shift": "Noite",
    "people": [
      "Henrique",
      "Leandro",
      "Lucas"
    ]
  },
  {
    "date": "11/10/2026",
    "day": "Domingo",
    "shift": "Manhã",
    "people": [
      "Luiz",
      "Luís H",
      "Marcos"
    ]
  },
  {
    "date": "11/10/2026",
    "day": "Domingo",
    "shift": "Noite",
    "people": [
      "Adilson",
      "Vicente",
      "Donizete"
    ]
  },
  {
    "date": "14/10/2026",
    "day": "Quarta-feira",
    "shift": "Noite",
    "people": [
      "Thiago",
      "Felipe",
      "Flavio"
    ]
  },
  {
    "date": "17/10/2026",
    "day": "Sábado",
    "shift": "Noite",
    "people": [
      "Eduardo",
      "Elson",
      "Henrique"
    ]
  },
  {
    "date": "18/10/2026",
    "day": "Domingo",
    "shift": "Manhã",
    "people": [
      "Isac",
      "Leandro",
      "Lucas"
    ]
  },
  {
    "date": "18/10/2026",
    "day": "Domingo",
    "shift": "Noite",
    "people": [
      "Adilson",
      "Luiz",
      "Luís H"
    ]
  },
  {
    "date": "21/10/2026",
    "day": "Quarta-feira",
    "shift": "Noite",
    "people": [
      "Marcos",
      "Vicente",
      "Donizete"
    ]
  },
  {
    "date": "24/10/2026",
    "day": "Sábado",
    "shift": "Noite",
    "people": [
      "Eduardo",
      "Elson",
      "Felipe"
    ]
  },
  {
    "date": "25/10/2026",
    "day": "Domingo",
    "shift": "Manhã",
    "people": [
      "Flavio",
      "Henrique",
      "Isac"
    ]
  },
  {
    "date": "25/10/2026",
    "day": "Domingo",
    "shift": "Noite",
    "people": [
      "Adilson",
      "Leandro",
      "Lucas"
    ]
  },
  {
    "date": "28/10/2026",
    "day": "Quarta-feira",
    "shift": "Noite",
    "people": [
      "Luiz",
      "Luís H",
      "Marcos"
    ]
  },
  {
    "date": "31/10/2026",
    "day": "Sábado",
    "shift": "Noite",
    "people": [
      "Vicente",
      "Donizete",
      "Eduardo"
    ]
  },
  {
    "date": "01/11/2026",
    "day": "Domingo",
    "shift": "Manhã",
    "people": [
      "Williams",
      "Elson",
      "Felipe"
    ]
  },
  {
    "date": "01/11/2026",
    "day": "Domingo",
    "shift": "Noite",
    "people": [
      "Mazino",
      "Williams",
      "Flavio"
    ]
  },
  {
    "date": "04/11/2026",
    "day": "Quarta-feira",
    "shift": "Noite",
    "people": [
      "Thiago",
      "Isac",
      "Leandro"
    ]
  },
  {
    "date": "07/11/2026",
    "day": "Sábado",
    "shift": "Tarde",
    "people": [
      "Williams",
      "Henrique",
      "Lucas"
    ]
  },
  {
    "date": "07/11/2026",
    "day": "Sábado",
    "shift": "Noite",
    "people": [
      "Luiz",
      "Luís H",
      "Marcos"
    ]
  },
  {
    "date": "08/11/2026",
    "day": "Domingo",
    "shift": "Manhã",
    "people": [
      "Vicente",
      "Donizete",
      "Eduardo"
    ]
  },
  {
    "date": "08/11/2026",
    "day": "Domingo",
    "shift": "Noite",
    "people": [
      "Adilson",
      "Elson",
      "Felipe"
    ]
  },
  {
    "date": "11/11/2026",
    "day": "Quarta-feira",
    "shift": "Noite",
    "people": [
      "Thiago",
      "Flavio",
      "Isac"
    ]
  },
  {
    "date": "14/11/2026",
    "day": "Sábado",
    "shift": "Noite",
    "people": [
      "Henrique",
      "Leandro",
      "Lucas"
    ]
  },
  {
    "date": "15/11/2026",
    "day": "Domingo",
    "shift": "Manhã",
    "people": [
      "Luiz",
      "Luís H",
      "Marcos"
    ]
  },
  {
    "date": "15/11/2026",
    "day": "Domingo",
    "shift": "Noite",
    "people": [
      "Adilson",
      "Vicente",
      "Donizete"
    ]
  },
  {
    "date": "18/11/2026",
    "day": "Quarta-feira",
    "shift": "Noite",
    "people": [
      "Felipe",
      "Flavio",
      "Isac"
    ]
  },
  {
    "date": "21/11/2026",
    "day": "Sábado",
    "shift": "Noite",
    "people": [
      "Eduardo",
      "Elson",
      "Henrique"
    ]
  },
  {
    "date": "22/11/2026",
    "day": "Domingo",
    "shift": "Manhã",
    "people": [
      "Leandro",
      "Lucas",
      "Luiz"
    ]
  },
  {
    "date": "22/11/2026",
    "day": "Domingo",
    "shift": "Noite",
    "people": [
      "Adilson",
      "Luís H",
      "Marcos"
    ]
  },
  {
    "date": "25/11/2026",
    "day": "Quarta-feira",
    "shift": "Noite",
    "people": [
      "Vicente",
      "Donizete",
      "Felipe"
    ]
  },
  {
    "date": "28/11/2026",
    "day": "Sábado",
    "shift": "Noite",
    "people": [
      "Eduardo",
      "Elson",
      "Flavio"
    ]
  },
  {
    "date": "29/11/2026",
    "day": "Domingo",
    "shift": "Manhã",
    "people": [
      "Henrique",
      "Isac",
      "Leandro"
    ]
  },
  {
    "date": "29/11/2026",
    "day": "Domingo",
    "shift": "Noite",
    "people": [
      "Adilson",
      "Lucas",
      "Luiz"
    ]
  },
  {
    "date": "02/12/2026",
    "day": "Quarta-feira",
    "shift": "Noite",
    "people": [
      "Thiago",
      "Luís H",
      "Marcos"
    ]
  },
  {
    "date": "05/12/2026",
    "day": "Sábado",
    "shift": "Tarde",
    "people": [
      "Williams",
      "Vicente",
      "Donizete"
    ]
  },
  {
    "date": "05/12/2026",
    "day": "Sábado",
    "shift": "Noite",
    "people": [
      "Williams",
      "Eduardo",
      "Elson"
    ]
  },
  {
    "date": "06/12/2026",
    "day": "Domingo",
    "shift": "Manhã",
    "people": [
      "Williams",
      "Felipe",
      "Flavio"
    ]
  },
  {
    "date": "06/12/2026",
    "day": "Domingo",
    "shift": "Noite",
    "people": [
      "Mazino",
      "Henrique",
      "Isac"
    ]
  },
  {
    "date": "09/12/2026",
    "day": "Quarta-feira",
    "shift": "Noite",
    "people": [
      "Thiago",
      "Leandro",
      "Lucas"
    ]
  },
  {
    "date": "12/12/2026",
    "day": "Sábado",
    "shift": "Noite",
    "people": [
      "Luiz",
      "Luís H",
      "Donizete"
    ]
  },
  {
    "date": "13/12/2026",
    "day": "Domingo",
    "shift": "Manhã",
    "people": [
      "Marcos",
      "Vicente",
      "Eduardo"
    ]
  },
  {
    "date": "13/12/2026",
    "day": "Domingo",
    "shift": "Noite",
    "people": [
      "Adilson",
      "Donizete",
      "Eduardo"
    ]
  },
  {
    "date": "16/12/2026",
    "day": "Quarta-feira",
    "shift": "Noite",
    "people": [
      "Felipe",
      "Flavio",
      "Isac"
    ]
  },
  {
    "date": "19/12/2026",
    "day": "Sábado",
    "shift": "Noite",
    "people": [
      "Elson",
      "Henrique",
      "Leandro"
    ]
  },
  {
    "date": "20/12/2026",
    "day": "Domingo",
    "shift": "Manhã",
    "people": [
      "Lucas",
      "Luiz",
      "Luís H"
    ]
  },
  {
    "date": "20/12/2026",
    "day": "Domingo",
    "shift": "Noite",
    "people": [
      "Adilson",
      "Marcos",
      "Vicente"
    ]
  },
  {
    "date": "23/12/2026",
    "day": "Quarta-feira",
    "shift": "Noite",
    "people": [
      "Donizete",
      "Felipe",
      "Thiago"
    ]
  },
  {
    "date": "26/12/2026",
    "day": "Sábado",
    "shift": "Noite",
    "people": [
      "Eduardo",
      "Elson",
      "Flavio"
    ]
  },
  {
    "date": "27/12/2026",
    "day": "Domingo",
    "shift": "Manhã",
    "people": [
      "Henrique",
      "Isac",
      "Leandro"
    ]
  },
  {
    "date": "27/12/2026",
    "day": "Domingo",
    "shift": "Noite",
    "people": [
      "Adilson",
      "Lucas",
      "Luiz"
    ]
  },
  {
    "date": "30/12/2026",
    "day": "Quarta-feira",
    "shift": "Noite",
    "people": [
      "Luís H",
      "Vicente",
      "Felipe"
    ]
  }
]